ProductName,Tags
Free Range Turkey Breast,thanksgiving; turkey; main_course
Organic Sweet Potatoes,thanksgiving; yams; side_dish
Fresh Sweet Potato,thanksgiving; yams; side_dish
Fresh Green Beans,thanksgiving; green_bean_casserole; side_dish
Premium Vanilla Extract,thanksgiving; baking; christmas_foods
Coconut Flakes Unsweetened,thanksgiving; baking; christmas_foods
Quinoa Flour Organic,thanksgiving; baking; christmas_foods
Almond Flour Blanched,thanksgiving; baking; christmas_foods
Coconut Sugar Raw,thanksgiving; baking; christmas_foods
Organic Onions Yellow,thanksgiving; stuffing; casserole
Organic Celery Stalks,thanksgiving; stuffing; side_dish
Wild Rice Blend,thanksgiving; side_dish
Organic Whole Wheat Bread,thanksgiving; rolls; bread
Sprouted Grain Bread,thanksgiving; rolls; bread
Grass Fed Ground Beef,grill; burgers; july4; memorial_day; labor_day
Free Range Chicken Breast,grill; chicken; july4; memorial_day; labor_day
Free Range Chicken Thighs,grill; chicken; july4; memorial_day; labor_day
Free Range Pork Tenderloin,grill; pork; july4; memorial_day; labor_day
Wild Caught Salmon Fillet,grill; fish; july4; memorial_day; labor_day
Artisan Crackers,grill_out; chips; party_snacks
Dark Chocolate Bar,christmas_foods; candy; sweets
Gift Wrap Paper Roll,christmas_nonfood; nonfood; wrapping
Shampoo & Conditioner Set,nonfood; black_friday; xmas_nonfood
Baby Shampoo Gentle,nonfood; black_friday; xmas_nonfood
Toilet Paper 12 Roll Pack,nonfood; household
Paper Towels 6 Roll Pack,nonfood; household
Christmas Tree Lights LED,christmas_nonfood; lights; holiday; nonfood
LED Light Bulb 60W,lighting; nonfood
Fourth of July Flag,july4; holiday; nonfood; patriotic
Thanksgiving Tablecloth,thanksgiving; holiday_decor; nonfood
Halloween Decoration Set,halloween; holiday_decor; nonfood
Premium Balsamic Vinegar,grill; marinade
Premium Spice Blend,grill; marinade; spices
Free Range Duck Breast,grill; duck; july4; memorial_day; labor_day
All Beef Hot Dogs 10ct,grill; hot_dogs; july4; memorial_day; labor_day; buns; condiments
Bratwurst Sausage 5ct,grill; brats; sausage; july4; memorial_day; labor_day; buns; condiments
Italian Sausage Links 5ct,grill; sausage; july4; memorial_day; labor_day; buns; condiments
Hot Dog Buns 8ct,grill; buns; july4; memorial_day; labor_day
Hamburger Buns 8ct,grill; buns; july4; memorial_day; labor_day
Ketchup 38oz,grill; condiments; july4; memorial_day; labor_day
Yellow Mustard 20oz,grill; condiments; july4; memorial_day; labor_day
Sweet Pickle Relish 12oz,grill; condiments; july4; memorial_day; labor_day
BBQ Sauce Original 18oz,grill; condiments; july4; memorial_day; labor_day
Potato Chips Family Size,grill_out; chips; party_snacks
Tortilla Chips Family Size,grill_out; chips; party_snacks
Salsa Medium 16oz,grill_out; party_snacks
Soda 12-Pack Cola,grill_out; beverages; july4
Seltzer 12-Pack Lemon,grill_out; beverages; july4
Bagged Ice 10lb,grill_out; beverages; july4
Charcoal Briquettes 16lb,grill; charcoal; july4; memorial_day; labor_day
Cranberry Sauce Canned 14oz,thanksgiving; cranberry; side_dish
Pumpkin Pie 9in,thanksgiving; pies; dessert; christmas_foods
Pie Crusts 2-Pack Frozen,thanksgiving; baking; christmas_foods
Stuffing Mix Box 12oz,thanksgiving; stuffing; side_dish
Cream of Mushroom Soup 10.5oz,thanksgiving; casserole; green_bean_casserole
French Fried Onions 6oz,thanksgiving; casserole; green_bean_casserole
Dinner Rolls 12ct,thanksgiving; rolls; bread
Whole Turkey Fresh,thanksgiving; turkey; main_course
Spiral Sliced Ham,christmas_foods; ham; main_course
Ham Roast Bone-In,christmas_foods; ham; main_course
Beef Burger Patties 6ct,grill; burgers; july4; memorial_day; labor_day
Chicken Wings Family Pack,grill; chicken; july4; memorial_day; labor_day
Corn on the Cob 4ct,grill; side_dish; july4; memorial_day; labor_day
Cornbread Mix 8.5oz,thanksgiving; side_dish; baking
Paper Plates 100ct,grill_out; disposable; picnic
Plastic Cups 50ct,grill_out; disposable; picnic
Dinner Napkins 200ct,grill_out; disposable; picnic
Picnic Cutlery Set 120ct,grill_out; disposable; picnic
Christmas Ornaments Set,christmas_nonfood; ornaments; holiday; nonfood
Christmas Garland 9ft,christmas_nonfood; garland; holiday; nonfood
Turkey Gravy Mix 0.87oz,thanksgiving; gravy; side_dish
Brown Gravy Mix 1oz,thanksgiving; gravy; side_dish
Canned Yams 29oz,thanksgiving; yams; side_dish
Marshmallows 16oz,thanksgiving; yams; baking
Apple Pie 9in,thanksgiving; pies; dessert; christmas_foods
Eggnog Half Gallon,christmas_foods; beverage; dairy
Hot Cocoa Mix 10ct,christmas_foods; beverage; hot_chocolate
Candy Canes 12ct,christmas_foods; candy
